year,Brazil,synthetic_Brazil
2011,6.37,6.369989847
2012,6.623,6.622988847
2013,6.784,6.783986547
2014,7.405,6.893660097
2015,6.254,7.172927547
2016,6.613,7.251732297
